event,n_produced,n_wall,n_pmt,first_residual_ns
0,2734448,2627478,0,0.0267807
1,384163,376716,0,0.026692
2,7191304,7049143,0,0.112766
3,387157,375134,0,0.0771977
4,21793,21099,0,0.246712
5,134474,133043,0,0.0858682
6,1303,1281,0,0.0163093
7,50637,50330,0,0.063241
8,1802843,1715442,0,0.228391
9,1587926,1505987,0,1.981
10,2357109,2265497,0,0.0295689
11,715815,683761,0,-0.138833
12,309420,303447,0,0.0360586
13,1304187,1243686,0,0.118319
14,11622,11163,0,0.00908253
15,1506405,1483008,0,0.125713
16,1107902,1088346,0,0.0446885
17,1352858,1285136,0,0.284972
18,311021,307581,0,0.0570845
19,5781,5737,0,0.0796405
20,11289,11194,0,0.0544885
21,184119,175256,0,0.117262
22,3908715,3717276,0,0.0272487
23,2749421,2629769,0,0.165967
24,480316,470572,0,0.219099
25,32585343,31768428,0,0.228967
26,44004,43071,0,0.119834
27,316213,312803,0,0.0350399
28,83978,80925,0,0.415617
29,9060,8926,0,0.0159043
30,2928528,2893848,0,0.22095
31,6394813,6265166,0,0.250325
32,1233545,1213374,0,0.267486
33,107421,106196,0,0.237074
34,4711552,4547811,0,0.561843
35,657072,641504,0,0.105551
36,1486237,1450658,0,0.0906209
37,100319,98193,0,0.244737
38,2379538,2269290,0,0.296019
39,497273,485792,0,0.169118
40,1521,1519,0,0.00417855
41,5454276,5309118,0,6.66682
42,460700,449527,0,0.555266
43,46350,45990,0,0.0784891
44,59162,58543,0,0.127455
45,4724709,4549674,0,0.0705715
46,242061,240162,0,0.0664515
47,263158,259220,0,0.092133
48,203049,200002,0,0.100646
49,5159701,4942000,0,0.161505
50,51597,50368,0,0.146003
51,230579,225071,0,0.038081
52,2844812,2755037,0,0.311244
53,2658578,2570460,0,0.16102
54,274104,262538,0,0.228486
55,2129180,2089597,0,0.223334
56,6055171,5938249,0,0.0504694
57,300038,288766,0,0.146075
58,3402323,3255002,0,0.14496
59,677039,666247,0,0.0808161
60,1114210,1074203,0,0.212163
61,3258,3207,0,0.00191633
62,3564497,3465690,0,0.220791
63,29595,28823,0,0.0665448
64,227484,222695,0,-0.310063
65,677843,651474,0,0.382913
66,6859078,6582485,0,0.149948
67,1918,1918,0,0.0107189
68,0,0,0,0
69,87327,84953,0,0.160101
70,63241,61987,0,0.263027
71,2974399,2917760,0,0.144893
72,1570616,1501543,0,-0.79745
73,1755163,1720320,0,0.026006
74,6128315,5990532,0,0.0499659
75,19567464,18686599,0,0.0276733
76,16289165,15313094,0,0.163381
77,2400666,2311049,0,0.320124
78,2237195,2142006,0,0.0197364
79,617227,605533,0,0.313859
80,2116632,2051467,0,0.50132
81,186593,183773,0,0.0494369
82,2535762,2408961,0,0.0647338
83,520586,509656,0,0.0532706
84,233977,226046,0,0.264976
85,8362654,8099311,0,0.00251828
86,270773,264589,0,0.013389
87,70225,68809,0,0.0474106
88,1430215,1382839,0,0.197085
89,6719210,6402507,0,0.0196837
90,10392293,9841015,0,0.194396
91,626203,618067,0,0.0973007
92,1168029,1123930,0,0.126529
93,111724,106754,0,0.17106
94,8961596,8736301,0,0.210829
95,1814132,1760215,0,0.140757
96,1518503,1444764,0,0.221606
97,2069599,2015607,0,-0.106754
98,125645,119810,0,0.0737485
99,24772776,23683373,0,10.1315
100,2217645,2113794,0,0.632162
101,256717,244355,0,0.262388
102,334940,331084,0,0.0652426
103,89827,86636,0,0.095907
104,10104634,9838678,0,0.153522
105,12899662,12392352,0,0.146214
106,235247,224865,0,0.0110041
107,13722872,13429290,0,0.775257
108,23815790,22347962,0,0.232311
109,4316736,4186546,0,0.05736
110,5157490,5016401,0,0.441902
111,1099415,1050895,0,0.036566
112,1400272,1352427,0,0.2642
113,84268,83054,0,-0.0128787
114,464056,457323,0,0.12165
115,4203360,4083340,0,0.140417
116,1134393,1108320,0,0.24479
117,125000,121076,0,0.122702
118,833578,805624,0,0.0771036
119,19727,19564,0,0.0492989
120,12632857,11899034,0,0.0677207
121,101122,99954,0,0.157029
122,1182557,1159597,0,0.219743
123,2225793,2137005,0,1.02814
124,1147941,1120745,0,0.369302
125,4673,4667,0,0.0134724
126,2428810,2342805,0,0.471002
127,424450,406909,0,0.0234209
128,4101,4072,0,0.0726387
129,4815039,4687268,0,0.333609
130,187952,186386,0,0.0364239
131,29940,29769,0,0.0418336
132,4880675,4792689,0,0.239503
133,381102,366461,0,-0.332631
134,73130,72153,0,0.0407817
135,8651991,8148104,0,0.0119796
136,1055941,1020631,0,0.275831
137,3115244,3019452,0,0.0561856
138,33805,32304,0,0.0943463
139,473628,462414,0,0.128569
140,8467604,8162737,0,0.26867
141,1535143,1449315,0,0.0805545
142,3317296,3247770,0,0.033918
143,964028,933607,0,0.041139
144,188322,186203,0,0.0164529
145,1882143,1846569,0,0.180809
146,137997,135324,0,0.0420449
147,557620,546036,0,0.0447554
148,24347,24092,0,0.0957467
149,62238,61178,0,0.0621194
150,1939975,1913949,0,0.185029
151,912586,882166,0,0.27672
152,8945629,8663372,0,0.0863085
153,34921048,33123029,0,0.0377795
154,1838068,1769245,0,0.524775
155,0,0,0,0
156,906765,866953,0,0.364689
157,938,907,0,0.426406
158,370604,362021,0,0.749366
159,117599,113078,0,0.0155675
160,313218,303901,0,0.149188
161,1464919,1434957,0,0.16375
162,11726052,11238525,0,0.251305
163,257707,252163,0,0.139055
164,56876,55433,0,0.331193
165,3448401,3387922,0,0.150447
166,221005,213451,0,0.0680186
167,1807183,1750322,0,0.217849
168,94944,92381,0,0.159619
169,12909,12805,0,0.0317338
170,556544,545901,0,0.0633468
171,1088094,1042032,0,0.143224
172,32910,32696,0,0.0681657
173,3757490,3569966,0,0.257804
174,2483422,2356256,0,0.344645
175,126796,121619,0,0.392795
176,3789,3768,0,0.0557655
177,4986975,4799310,0,0.0124328
178,24868,24490,0,0.162999
179,7478569,7128183,0,0.0909689
180,22,21,0,9.16878e-05
181,943956,918439,0,0.0842657
182,1856,1853,0,0.00455297
183,13195558,12544516,0,0.435718
184,474403,460503,0,0.145569
185,1647,1581,0,-0.00109716
186,1843100,1809876,0,0.181131
187,127150,125031,0,0.169216
188,6283856,6165053,0,-0.673715
189,1155667,1135233,0,0.234877
190,405903,391822,0,0.0269244
191,125963,124516,0,0.0339919
192,1332579,1276317,0,0.0285846
193,263401,257385,0,0.106538
194,875234,858071,0,0.0646359
195,335679,329390,0,0.390346
196,106951,105103,0,0.073833
197,20900685,20377671,0,0.5104
198,110992,109173,0,-0.295069
199,462234,453977,0,0.7997
200,0,0,0,0
201,814352,787441,0,1.17496
202,22851,22685,0,0.0300427
203,7969187,7549123,0,0.269526
204,29647,29471,0,0.0352171
205,5226123,4986967,0,0.308535
206,2002,2001,0,0.00950724
207,285167,281569,0,0.276855
208,4745,4668,0,0.366992
209,18643,18526,0,0.0703072
210,1338976,1290025,0,0.121355
211,741857,715008,0,0.334531
212,185987,180876,0,0.194941
213,6060,5987,0,0.00583572
214,9960,9853,0,0.0976771
215,3107970,2945496,0,0.0951861
216,65120,64699,0,0.0597674
217,179400,170981,0,0.220725
218,2022064,1983704,0,0.0289876
219,1213844,1172484,0,0.0401074
220,154313,149860,0,-0.0542889
221,508869,481772,0,0.141986
222,3607791,3532200,0,0.0686622
223,110141,109228,0,0.0400652
224,172809,170170,0,0.0344886
225,1455180,1423113,0,0.584294
226,586326,575302,0,0.0532967
227,188739,181481,0,0.16373
228,232302,230112,0,0.0578189
229,1641316,1570055,0,0.24804
230,2133973,2087995,0,0.0710046
231,5984253,5721845,0,0.28712
232,7906884,7605734,0,0.0653151
233,179003,177078,0,0.0384775
234,1586097,1517008,0,0.01158
235,1152781,1129601,0,0.324682
236,1471172,1443192,0,0.102654
237,17077,16758,0,0.220645
238,291649,285226,0,0.24205
239,2038591,1915069,0,0.155368
240,2590739,2437965,0,0.0389811
241,2746225,2693050,0,1.42387
242,885721,874260,0,0.241456
243,1078098,1061825,0,0.154492
244,1544,1525,0,0.0692351
245,400378,393031,0,0.0504677
246,764741,740588,0,-0.0432489
247,7098,7075,0,0.0657311
248,109444,105636,0,1.82946
249,3670095,3562320,0,0.492733
250,2808916,2725320,0,0.0464722
251,12531,12426,0,0.14801
252,54040,52553,0,0.0543152
253,1447930,1398451,0,0.319971
254,158664,156197,0,0.0773598
255,1891394,1805166,0,0.0860115
256,1699962,1650163,0,0.579441
257,103241,102629,0,0.00491962
258,56171,55251,0,0.179985
259,6697581,6565785,0,0.267438
260,14583,14202,0,0.0259819
261,1571028,1539328,0,0.0249549
262,1018941,1002245,0,0.0563129
263,815012,782454,0,-0.00255463
264,601665,587762,0,5.25107
265,191474,189735,0,0.0238407
266,25386,25004,0,-0.181863
267,575493,571388,0,0.0654272
268,547038,525420,0,0.0875534
269,96129,91806,0,0.457678
270,279038,272235,0,0.0486703
271,92659428,87900442,0,0.0164994
272,4673661,4535913,0,0.253552
273,156552,155257,0,0.17504
274,622018,596583,0,0.0445315
275,328,325,0,0.000645474
276,2130168,2015388,0,0.167914
277,1540473,1498523,0,0.139678
278,581019,552046,0,0.15444
279,3673039,3508876,0,0.150208
280,15052,14954,0,0.0315766
281,1670121,1632359,0,0.457511
282,2088038,2008238,0,0.0614529
283,442216,425411,0,0.0413994
284,328475,322054,0,0.113089
285,1028492,991541,0,0.129846
286,18264,18159,0,0.0817742
287,283671,279219,0,0.239845
288,40897410,39473234,0,-0.0524362
289,5626,5507,0,0.0454084
290,63448,62951,0,0.0578383
291,528850,517931,0,0.0158195
292,287813,276642,0,0.142488
293,2373210,2257108,0,0.24393
294,13879116,13297435,0,0.0355949
295,1308024,1266980,0,0.176642
296,7415171,7219526,0,0.113751
297,2519790,2371885,0,0.0822772
298,0,0,0,0
299,30596,29726,0,0.139361
300,114578,113291,0,0.0597092
301,4148251,3973077,0,0.0566061
302,957249,944297,0,0.0271506
303,12081,12019,0,0.0256986
304,12451,12389,0,0.059171
305,83753,82453,0,0.205678
306,5189660,5077747,0,0.198621
307,118356,116479,0,-0.389887
308,345,345,0,0.000299029
309,2762385,2716042,0,0.0406628
310,1135207,1103907,0,0.0586347
311,2099260,2024089,0,0.382055
312,3726679,3520873,0,0.589861
313,1834480,1756461,0,0.716719
314,7576813,7146451,0,0.172599
315,3223910,3132691,0,-0.0157938
316,801895,779098,0,0.562408
317,956429,930832,0,0.252217
318,61379,58733,0,0.0705328
319,6937,6925,0,0.0228243
320,1290748,1238339,0,0.101736
321,0,0,0,0
322,7274,7202,0,0.00553093
323,175206,171738,0,0.0434165
324,1271768,1224705,0,0.146542
325,138022,134032,0,0.37098
326,185090,183002,0,0.182868
327,1586200,1530642,0,0.0202458
328,1341968,1327750,0,0.0556301
329,768390,734744,0,0.28228
330,440188,436112,0,0.0162976
331,5177317,5037947,0,1.01123
332,19704600,19020164,0,0.191065
333,2390016,2273998,0,0.048424
334,2144,2092,0,0.46614
335,65093,62252,0,0.0465129
336,672608,658121,0,0.0467966
337,1585952,1520985,0,0.875989
338,3151556,3002676,0,0.191873
339,2370304,2235036,0,0.863905
340,3449659,3308521,0,0.00897822
341,244239,235326,0,0.0142748
342,821305,806710,0,0.308708
343,441523,434456,0,0.185623
344,3128830,3001105,0,0.243984
345,518525,510272,0,0.15535
346,65503,63346,0,0.0073694
347,342499,334513,0,0.197064
348,1374197,1318336,0,0.0642686
349,2264962,2149279,0,0.162207
350,71037,69741,0,0.0122978
351,11937,11852,0,0.0154617
352,274906,268089,0,0.0314263
353,174684,171623,0,0.0431569
354,111019,109573,0,0.0289384
355,208919,205739,0,0.0820108
356,178317,169847,0,0.0758638
357,644271,625374,0,0.04313
358,49492,48392,0,0.543193
359,738746,728419,0,0.187602
360,7109,7030,0,0.0128243
361,756818,750110,0,0.167995
362,297756,291486,0,0.0125649
363,78550,77788,0,0.028053
364,1700727,1657745,0,0.419876
365,1640443,1574001,0,0.470303
366,9206851,8781093,0,0.128938
367,264142,257213,0,0.0461351
368,152909,151758,0,0.119088
369,1816593,1707621,0,0.264747
370,8534083,8248252,0,0.22822
371,1904403,1817846,0,0.314643
372,184227,180313,0,0.0807195
373,4016688,3823740,0,0.171644
374,4564142,4433786,0,0.0833834
375,289871,280618,0,0.127922
376,716212,700142,0,0.0488402
377,624277,599127,0,0.118245
378,988869,975703,0,0.0769552
379,1314512,1291195,0,0.0874526
380,4534855,4341696,0,0.199427
381,888811,875529,0,0.0783814
382,975418,945705,0,0.128979
383,842298,800923,0,0.0687096
384,682157,665562,0,0.42231
385,56228,54242,0,0.00728309
386,895758,874622,0,0.176535
387,300793,291904,0,0.114107
388,2845972,2782337,0,0.330818
389,659565,651734,0,0.147192
390,0,0,0,0
391,1279632,1250755,0,0.0483367
392,507497,485602,0,0.03653
393,32790506,31046937,0,0.382955
394,1199707,1174075,0,0.164918
395,9342964,9171953,0,0.273455
396,41768,39790,0,0.970456
397,1001954,984412,0,0.1092
398,10849,10680,0,0.0161887
399,28621,28362,0,0.11156
400,5612340,5401938,0,0.212257
401,2966872,2911231,0,0.251005
402,679365,657313,0,0.118577
403,15134858,14592205,0,11.0534
404,164618,160979,0,0.00908802
405,2673297,2610011,0,0.10683
406,12526825,12099906,0,0.354245
407,31196,31093,0,-0.377265
408,614505,603265,0,0.128011
409,2895621,2780562,0,0.0659273
410,258522,254486,0,0.186679
411,48308,47277,0,0.0323051
412,333715,319628,0,0.0249266
413,6830094,6537931,0,0.147221
414,87150,86063,0,0.0280775
415,333379,328678,0,0.322829
416,1422950,1359190,0,0.0392241
417,13455,13405,0,0.0261474
418,1257609,1235965,0,0.557678
419,124855,122477,0,-0.101411
420,49051,48267,0,0.168107
421,1138520,1095921,0,0.138164
422,1164374,1140453,0,0.102877
423,19546782,19063578,0,0.46061
424,260445,254070,0,0.0510967
425,29997,29534,0,0.0829189
426,6834658,6640658,0,-0.225652
427,6500459,6374760,0,0.255128
428,334899,328035,0,0.328877
429,4307988,4114247,0,0.107972
430,35738,35399,0,0.122292
431,1319153,1296724,0,0.0416622
432,7877625,7750962,0,0.184862
433,1850144,1820945,0,0.0703006
434,2442,2426,0,0.0635895
435,122157,116765,0,0.0841526
436,853575,832280,0,0.0358479
437,110193,108400,0,0.172174
438,25833,25521,0,0.0114203
439,13527034,12888811,0,0.503463
440,92509,88848,0,0.131453
441,178981,177098,0,0.136592
442,4787525,4598689,0,0.25398
443,12064,12009,0,0.0153104
444,41603,40457,0,0.012556
445,866464,851051,0,0.0325099
446,0,0,0,0
447,207952,205270,0,0.0791386
448,19775,19513,0,0.031791
449,3573262,3520284,0,0.21396
450,681066,668223,0,0.0226463
451,0,0,0,0
452,103454,99445,0,0.0734351
453,298965,291170,0,0.0254724
454,2698661,2575360,0,5.79248
455,2491450,2414588,0,0.198307
456,1070488,1029338,0,0.128977
457,2224884,2187782,0,0.262175
458,367802,357231,0,0.0525544
459,909894,891272,0,-0.0626108
460,49856,49313,0,0.0128484
461,5758,5643,0,0.303969
462,33400741,32421217,0,0.397285
463,559399,533620,0,0.256556
464,131935,124359,0,5.03767
465,12804,12656,0,0.0146463
466,103280,99439,0,0.0492386
467,32587,32390,0,0.0554766
468,630710,621372,0,0.248841
469,407163,396660,0,0.236157
470,84416,83834,0,0.0104147
471,485946,479734,0,0.0821308
472,405248,399412,0,-0.187251
473,273018,262648,0,0.0111553
474,247053,243543,0,0.0187345
475,35241,34995,0,0.0295941
476,28201,27596,0,0.00589789
477,2999454,2940557,0,0.129455
478,803572,761244,0,0.0401755
479,1715,1713,0,0.00272614
480,401312,391890,0,0.0874665
481,2090057,2054933,0,0.37482
482,3312404,3159206,0,0.248923
483,363363,355498,0,0.0114714
484,12940,12465,0,0.0996851
485,57162,55840,0,0.0673974
486,1488655,1418539,0,0.00605663
487,479895,469071,0,0.0712916
488,146014,144409,0,0.0626403
489,1904,1904,0,0.0111364
490,304351,296284,0,0.109194
491,12222595,11767163,0,0.100158
492,386000,382592,0,0.0490026
493,1359016,1286565,0,0.0401053
494,15335006,14742516,0,0.110972
495,209741,201641,0,4.86056
496,5048727,4895478,0,0.721324
497,1961,1944,0,0.00063012
498,20806,20664,0,0.0268554
499,66007,64232,0,0.0437535
500,2352918,2272843,0,0.244803
501,199704,196933,0,0.0680537
502,856741,835362,0,0.020794
503,4478,4440,0,0.0588428
504,5348202,5238795,0,0.167352
505,12381,12026,0,0.00309088
506,7482,7213,0,0.0157959
507,16170,15569,0,0.283283
508,2087486,2023733,0,0.139864
509,826,823,0,0.002767
510,5294668,5073544,0,0.350544
511,43865079,42046860,0,0.178666
512,305202,300904,0,0.0819216
513,31137,30912,0,0.0165049
514,11261,11163,0,0.0426471
515,10410678,10024743,0,0.0635853
516,280650,276123,0,1.69166
517,971851,931652,0,0.0383512
518,438,438,0,0.000890455
519,5141,5116,0,0.0018121
520,2488720,2370368,0,0.18726
521,1005806,940976,0,0.410105
522,12294688,11981318,0,0.35475
523,138137,134872,0,0.243442
524,12004281,11748844,0,0.0705625
525,1062893,1042100,0,0.269205
526,673460,660299,0,0.24066
527,548100,533033,0,0.205217
528,57791358,55294853,0,0.037086
529,2626113,2572981,0,0.182759
530,3821361,3704919,0,0.122586
531,1294676,1260587,0,0.0473642
532,4310975,4136994,0,0.0964693
533,5548934,5384323,0,0.340166
534,3047193,2905921,0,0.12052
535,144591,143009,0,0.0438451
536,952965,937890,0,0.0371527
537,2100829,2049878,0,0.229129
538,1644377,1587360,0,0.0934848
539,406439,399309,0,0.045042
540,1731733,1648513,0,0.10717
541,6461,6369,0,0.00347157
542,180762,178177,0,-0.969384
543,928894,913989,0,0.135423
544,2131843,2079895,0,0.049833
545,2240408,2156540,0,0.0519533
546,483756,462540,0,0.316703
547,0,0,0,0
548,114183,112464,0,0.0224248
549,1257980,1233445,0,0.177062
550,9731,9570,0,0.0660055
551,579268,570305,0,0.0689365
552,133272,130281,0,0.0401219
553,1312164,1252240,0,0.622712
554,4692467,4517394,0,0.401236
555,3088643,2998395,0,0.128288
556,0,0,0,0
557,257115,253291,0,0.121271
558,512607,507346,0,0.0404874
559,3717,3707,0,0.00462392
560,1680492,1650931,0,0.14919
561,547867,533801,0,0.190796
562,325393,321058,0,0.169917
563,428143,421306,0,0.0374152
564,18894363,18087608,0,0.286872
565,970731,941726,0,0.192137
566,563504,557394,0,0.012503
567,45351,44840,0,0.0541659
568,73966,73389,0,0.0872146
569,70699,69646,0,0.15393
570,936226,914724,0,0.183056
571,1314531,1295488,0,0.0981947
572,266788,260019,0,0.0701749
573,464243,459166,0,0.153119
574,135693,132247,0,0.234757
575,851898,834617,0,0.0329395
576,889393,856736,0,0.110435
577,2657387,2548906,0,0.126865
578,10521894,10112703,0,0.36362
579,15056046,14354603,0,0.0407054
580,83912,81763,0,0.418039
581,708466,689255,0,0.142241
582,38515,38187,0,0.0834058
583,89283587,85095763,0,0.206395
584,14402,14187,0,0.0257695
585,55423,54178,0,0.253449
586,35013,34836,0,0.012944
587,4349,4238,0,0.301847
588,18678474,18300020,0,0.493184
589,148698,143029,0,0.056795
590,111724,109879,0,0.217419
591,486746,474547,0,0.0409951
592,1512099,1467420,0,0.0350596
593,25577670,24527952,0,0.100386
594,143516,138343,0,0.354859
595,41650,39745,0,0.115629
596,912,896,0,-0.00186942
597,23423,22832,0,0.0567173
598,162849,156497,0,0.00423115
599,2094377,2050988,0,0.163882
600,2400620,2300048,0,0.114416
601,4539,4513,0,0.00483669
602,26370,25908,0,0.00524956
603,147680,145122,0,0.135214
604,15425,14802,0,0.0064226
605,5654,5645,0,0.00369565
606,201032,195364,0,-0.0585596
607,6769747,6672313,0,0.227011
608,94732,93525,0,0.124319
609,9966473,9390289,0,0.23418
610,11857862,11637580,0,0.0875064
611,2064067,2031692,0,0.043716
612,22172,21937,0,0.0414534
613,270765,264248,0,0.0389741
614,121138,119572,0,0.141131
615,155566,153876,0,0.0064171
616,6685,6666,0,0.0469592
617,4916064,4758108,0,0.152415
618,1472826,1422540,0,0.257673
619,242197,240865,0,0.0379786
620,3974,3967,0,0.00708161
621,27871,27693,0,0.0917733
622,3706634,3548551,0,0.443983
623,1042573,1026480,0,0.12491
624,1754086,1662777,0,0.135337
625,627626,618034,0,0.263207
626,4131763,3900433,0,0.0957545
627,2293,2282,0,0.00819769
628,950647,941621,0,0.153659
629,26051,25702,0,0.180604
630,2308381,2262305,0,0.37792
631,1656693,1554725,0,0.169327
632,1498842,1462936,0,0.289697
633,128099,125115,0,0.362218
634,3997930,3780112,0,0.239054
635,4974966,4882956,0,0.132249
636,846523,826922,0,0.149255
637,20410,20270,0,0.117611
638,24813567,23999796,0,0.0324972
639,381,381,0,0.000632132
640,328875,325169,0,0.196798
641,3592900,3494067,0,0.135537
642,856039,819007,0,0.0793295
643,9529902,9102949,0,0.151164
644,22830577,21570587,0,0.110736
645,149936,148560,0,0.0370638
646,551963,544827,0,0.206148
647,4589000,4323852,0,0.374841
648,1819729,1795469,0,0.0787233
649,1130421,1099333,0,0.0188431
650,2593583,2439215,0,0.0841875
651,3479754,3325702,0,0.179294
652,7064042,6886639,0,0.0708071
653,22693,22594,0,0.0283399
654,116507,114646,0,0.0780904
655,618149,604806,0,0.459274
656,546932,538050,0,0.193992
657,12665,12489,0,0.0221112
658,2970574,2857234,0,0.285222
659,9593833,9135042,0,0.0819618
660,1872694,1800881,0,0.110864
661,1090610,1058175,0,0.132074
662,129198,127107,0,0.120112
663,2513245,2476635,0,0.187551
664,919238,905762,0,0.205673
665,927504,907685,0,0.128856
666,570892,564168,0,0.107481
667,399743,393397,0,0.0914623
668,18488,18059,0,0.0930733
669,215255,212355,0,0.0253109
670,793080,750648,0,-0.685275
671,711035,693085,0,0.0608081
672,26639,26047,0,0.00680711
673,132231,129249,0,-0.0797344
674,195,193,0,-0.000630275
675,204295,201775,0,0.1073
676,2161585,2100443,0,0.215854
677,10480311,10224769,0,0.0347053
678,1902072,1798696,0,0.100542
679,846751,819280,0,0.0031491
680,1735355,1647497,0,0.399254
681,758012,723718,0,-0.154054
682,111114,107328,0,0.0302515
683,1580517,1549111,0,0.0447568
684,1588932,1500973,0,0.0803273
685,13004565,12396568,0,0.500202
686,3471129,3387387,0,0.298291
687,138410,134965,0,0.011847
688,1278705,1245712,0,0.193257
689,10079900,9877794,0,0.0934731
690,1111712,1080921,0,0.123867
691,2417668,2373206,0,0.222462
692,353562,338675,0,0.205199
693,83173,82516,0,0.0757655
694,10441049,9910717,0,0.0485769
695,10788547,10172308,0,0.0713316
696,1168518,1152391,0,0.0874586
697,87254,83889,0,0.0162762
698,2753778,2606713,0,0.0729644
699,2277032,2219316,0,0.367864
700,33686,32776,0,0.0588478
701,345550,338849,0,0.166785
702,2636216,2586305,0,0.301077
703,18653,18394,0,0.127391
704,267585,264333,0,0.059851
705,301,300,0,0.00140439
706,827,813,0,0.0039119
707,1445247,1373541,0,-0.0896147
708,44067,43788,0,0.0509116
709,509469,489905,0,0.0463067
710,27,27,0,-3.7315e-05
711,102487,99280,0,0.0131574
712,510248,504752,0,0.14538
713,4203669,4096091,0,0.237842
714,44431,44128,0,0.0264028
715,1033292,990221,0,0.027176
716,1216294,1168830,0,0.454961
717,692,670,0,5.46594e-05
718,22218,21945,0,0.00694111
719,151408,146587,0,0.0745868
720,1704385,1643138,0,0.18171
721,17926,17861,0,0.0336628
722,594833,587066,0,0.139206
723,91144,89131,0,0.0436306
724,2916578,2836075,0,0.278533
725,494661,488719,0,0.176575
726,127742,123350,0,0.0667807
727,27083,26393,0,-0.175001
728,1184840,1153907,0,0.0596652
729,27581,26641,0,0.000165841
730,356481,342427,0,0.074523
731,1262512,1241565,0,0.0381176
732,49622,47552,0,0.30247
733,1025163,985328,0,0.0353086
734,119066,117862,0,0.105236
735,2311418,2262950,0,0.12948
736,3627625,3516977,0,0.0577828
737,62439,62038,0,0.0678363
738,237651,228063,0,0.0995236
739,19974,19854,0,0.0548689
740,325747,312937,0,-0.357328
741,1745,1743,0,0.0126487
742,25373,25139,0,0.0142311
743,2912991,2785526,0,0.370495
744,697,683,0,-0.00148735
745,1873517,1777110,0,0.244603
746,3029386,2968405,0,0.231769
747,734229,710031,0,0.217664
748,2642561,2576233,0,0.178892
749,22999,22176,0,0.0363296
750,107976,106926,0,-0.000992488
751,18011,17884,0,0.135667
752,1808,1807,0,0.0022331
753,1959256,1917442,0,0.0819057
754,1090406,1043763,0,0.147796
755,1254786,1233922,0,0.146619
756,16970,16751,0,0.220875
757,394134,383862,0,0.237515
758,112997,111702,0,0.0455421
759,15095,14958,0,0.00988197
760,809880,788588,0,0.0852874
761,26859,25749,0,0.277077
762,723327,705131,0,0.286704
763,51546,50614,0,0.177753
764,747005,731364,0,0.287327
765,2006074,1973260,0,0.0198092
766,1228486,1208898,0,0.179938
767,2497530,2399994,0,0.373789
768,3817150,3651808,0,0.143223
769,946605,923687,0,0.00198094
770,31255,30630,0,0.0240604
771,1473005,1414651,0,0.0514211
772,219324,215099,0,0.338436
773,713874,683974,0,0.0665141
774,2504,2489,0,0.0197602
775,85496,83113,0,0.238901
776,1153583,1138073,0,0.122854
777,265481,253330,0,0.164778
778,171005,167858,0,0.0247951
779,1673742,1617789,0,0.0538201
780,2732379,2667750,0,0.35531
781,1510213,1448912,0,0.137208
782,2330544,2255975,0,0.324746
783,4068,4046,0,-0.0438882
784,28956,28875,0,0.0585401
785,60642,60160,0,0.0382417
786,1951636,1914517,0,0.155663
787,83939,83398,0,0.0431265
788,13578581,12795257,0,0.201964
789,3070729,2964039,0,0.341498
790,28857,27661,0,0.0113327
791,34215,32905,0,0.0971893
792,86682,85971,0,0.101202
793,27366,27237,0,0.007475
794,184,182,0,-0.00248562
795,366879,363675,0,0.151219
796,5080228,4784880,0,0.167341
797,1063818,1036676,0,0.33884
798,62126,61865,0,0.0473241
799,339391,334111,0,0.145015
800,498521,482503,0,0.0376305
801,1386752,1335610,0,0.321811
802,264411,261386,0,0.0428477
803,1306533,1270805,0,0.349307
804,1214337,1157196,0,0.0282887
805,196173,190333,0,19.7081
806,17882,17775,0,0.00523786
807,825959,809253,0,0.168969
808,222739,218567,0,0.357954
809,119690,116940,0,0.290638
810,47557,45289,0,0.0543039
811,3986,3978,0,0.0127127
812,108346,102978,0,0.195928
813,843372,826635,0,0.0425662
814,1860874,1832375,0,0.250131
815,1647,1646,0,-0.000111177
816,218138,212876,0,0.261743
817,7748894,7549562,0,0.142014
818,414270,405993,0,0.165017
819,909827,891156,0,0.127909
820,197427,195876,0,0.0121117
821,7043,6818,0,0.00361155
822,2007,2003,0,0.00942492
823,7601252,7363492,0,0.114207
824,1079857,1061465,0,0.0896415
825,647257,620701,0,0.0817073
826,2192766,2104280,0,0.0294778
827,29909,28597,0,0.007333
828,13197,12686,0,0.131687
829,157944,155858,0,-0.420229
830,858606,840368,0,0.135177
831,3707075,3575943,0,0.0318875
832,2329277,2240000,0,0.495134
833,5899219,5729219,0,0.226789
834,1463848,1429902,0,0.185136
835,76610,73513,0,0.212895
836,319247,309299,0,0.0944592
837,4467923,4232827,0,0.211431
838,55300097,52483374,0,0.0333763
839,10564,10443,0,0.0282173
840,647103,637526,0,0.0759095
841,14679165,13880783,0,0.368976
842,906099,888468,0,0.174882
843,767857,743059,0,0.0362155
844,836618,816534,0,0.0160229
845,1130869,1099539,0,0.10049
846,4174006,4073295,0,0.265334
847,732302,714450,0,0.261925
848,695267,689429,0,0.0796406
849,993206,979129,0,0.209955
850,746189,716741,0,0.199079
851,5435130,5222933,0,0.0343657
852,661344,650133,0,0.0533188
853,24601,24450,0,0.0448131
854,7495,7454,0,0.0199551
855,857786,839938,0,0.276847
856,445,434,0,-0.00477183
857,905599,873483,0,0.0346826
858,3876344,3802314,0,-0.0523123
859,6578021,6456392,0,0.409139
860,2480254,2366040,0,0.0477371
861,717781,696224,0,0.0566971
862,14054,13936,0,0.0484901
863,770602,755693,0,0.074286
864,1492924,1437608,0,0.135429
865,2226273,2139513,0,0.169809
866,152373,151042,0,0.0160612
867,1071839,1056269,0,0.179274
868,22938,22528,0,0.224267
869,243981,231884,0,0.0395541
870,116770,111916,0,0.100319
871,12055,11925,0,0.0334957
872,79313,76097,0,0.00766767
873,57565,57277,0,0.0698386
874,77323,76305,0,0.142491
875,1336431,1309111,0,0.107193
876,46136,45135,0,0.303525
877,12215,11702,0,0.113936
878,2507127,2426056,0,0.242521
879,1570433,1500356,0,0.0632229
880,4178951,4105851,0,0.211434
881,683867,675000,0,0.0725231
882,1967,1963,0,0.0042863
883,990590,964571,0,14.5021
884,325925,321309,0,0.0410626
885,368675,361614,0,0.138446
886,732741,692453,0,0.0791871
887,2633083,2600208,0,0.170941
888,158498,157230,0,0.139136
889,4921518,4785712,0,0.246208
890,1655316,1565959,0,0.126916
891,34670,34135,0,0.0680053
892,56109,54697,0,0.10883
893,2082470,2042536,0,0.124847
894,1380170,1323420,0,-0.00375039
895,31504,31320,0,0.0566307
896,1529296,1484619,0,0.181315
897,32063,31117,0,0.362151
898,376671,370902,0,0.0713285
899,263570,257819,0,0.187567
900,299608,295369,0,0.03342
901,841026,815548,0,0.0826481
902,600868,589421,0,0.145612
903,2343510,2254809,0,0.100359
904,468800,450309,0,0.377157
905,3241192,3105420,0,0.186147
906,8276,8218,0,0.00607385
907,7666273,7524287,0,0.0528139
908,228698,219948,0,0.0348386
909,884601,843227,0,1.5297
910,14154,13822,0,0.201477
911,587617,574256,0,0.0176814
912,11691,11546,0,0.038649
913,19482,19188,0,0.176318
914,15329,15219,0,0.0672263
915,12925994,12376991,0,0.0554375
916,301881,294743,0,0.103643
917,1562259,1465904,0,0.737559
918,139790,134655,0,0.0440014
919,1219930,1184860,0,0.747669
920,616324,601427,0,0.105393
921,8958648,8736486,0,0.146967
922,10627124,10425719,0,0.145156
923,317049,302502,0,0.010629
924,8200,8165,0,0.0281435
925,60286,59931,0,0.0107275
926,304871,298418,0,0.128237
927,243075,239816,0,-0.378076
928,4498,4468,0,0.00131227
929,417768,411170,0,0.0585123
930,9734506,9521672,0,0.102258
931,3405022,3293529,0,0.743123
932,4154454,4069886,0,0.0472689
933,38547,36789,0,10798.6
934,583,581,0,-0.00520504
935,266673,257549,0,0.114865
936,7749576,7534823,0,0.248155
937,274518,271184,0,0.0179358
938,530258,522552,0,0.100993
939,103579,102458,0,0.135967
940,46342,44500,0,0.0211472
941,3759207,3590200,0,0.546924
942,1818692,1709255,0,0.303893
943,33166,32533,0,0.0059677
944,761630,749956,0,0.139237
945,625560,613631,0,0.0389177
946,170331,168092,0,0.0390977
947,118858,114154,0,0.0879275
948,366513,359483,0,0.311237
949,135627,134046,0,0.0985546
950,931531,902988,0,0.0329341
951,107860,106907,0,0.00789793
952,3660369,3494569,0,0.989866
953,1195026,1141304,0,0.218065
954,1571270,1536631,0,0.020862
955,1317577,1292273,0,0.288585
956,0,0,0,0
957,38069,37777,0,0.00607785
958,1813777,1755310,0,0.137411
959,3163,3148,0,0.0601205
960,8133932,7864132,0,0.145044
961,850664,838000,0,0.0956556
962,279209,277463,0,0.0442045
963,55576,54967,0,0.178519
964,190755,185363,0,0.0276876
965,1869936,1763863,0,0.158937
966,92934,92044,0,0.114319
967,601213,584879,0,0.021589
968,7227796,6828622,0,5.45729
969,1597689,1519454,0,0.166765
970,824560,810879,0,0.308236
971,1036282,1015254,0,0.136788
972,638931,621399,0,0.019572
973,55262,54821,0,0.0284401
974,607816,599940,0,0.226876
975,4398,4387,0,0.0331299
976,259119,254836,0,0.270289
977,103324,101558,0,0.00512949
978,2293337,2210883,0,0.172381
979,397753,388700,0,0.304127
980,3095184,2968906,0,0.0112825
981,40663,40281,0,0.0604333
982,16307426,15676397,0,0.0147308
983,9046,8881,0,0.0254271
984,576222,553350,0,0.526659
985,33238,32636,0,0.0374025
986,16683,16611,0,0.012204
987,10736325,10188684,0,0.0373661
988,10559,10459,0,0.0250494
989,722568,709562,0,0.137555
990,3669611,3571631,0,0.253077
991,116390,115435,0,0.015132
992,1444340,1415684,0,0.0296596
993,5162077,4884905,0,0.129735
994,12463955,12140838,0,0.0544487
995,3664052,3456489,0,0.501254
996,1575609,1480959,0,0.159999
997,759694,721024,0,0.191203
998,6983,6964,0,0.0100814
999,14699510,13838467,0,0.135284
1000,2360350,2293750,0,0.0224289
1001,1050953,1036318,0,0.14614
1002,26740696,26138703,0,0.150644
1003,952,933,0,0.0338415
1004,55957482,53118392,0,0.0176712
1005,687137,671572,0,0.126
1006,1409617,1365210,0,0.0415795
1007,1500894,1405990,0,0.161268
1008,33311,32496,0,0.241119
1009,303871,299875,0,0.0345134
1010,4936,4924,0,0.00223147
1011,3008144,2872446,0,0.156583
1012,1462281,1402654,0,0.0834185
1013,1752480,1665835,0,0.254002
1014,327894,323666,0,0.0289332
1015,85101,82045,0,0.00164849
1016,263933,260715,0,0.116603
1017,202510,199367,0,0.0669606
1018,1048979,1035231,0,0.431717
1019,31516938,30114783,0,0.107264
1020,737,737,0,0.000223949
1021,839875,826422,0,0.0957381
1022,668484,661988,0,0.0356617
1023,1347,1344,0,-0.226321
1024,17008486,16559735,0,0.0213253
1025,58760,56883,0,0.0118799
1026,2188150,2090772,0,0.52659
1027,731651,713297,0,0.0738398
1028,1151440,1114387,0,0.286138
1029,84201,80757,0,0.0484322
1030,33915,33630,0,0.0464074
1031,19686,18996,0,0.0153774
1032,6180684,5895640,0,0.0160314
1033,159416,158137,0,0.107404
1034,629558,608529,0,0.345573
1035,672559,650661,0,0.0762592
1036,20943597,19788875,0,0.202247
1037,16456,15743,0,0.278098
1038,0,0,0,0
1039,1799,1720,0,0.000198421
1040,22850,22360,0,0.0152472
1041,11,10,0,0.104425
1042,325752,314315,0,-0.0244701
1043,2394982,2296747,0,0.118051
1044,192544,186932,0,0.708775
1045,1154861,1135263,0,0.0415553
1046,430968,416874,0,0.029546
1047,282054,272059,0,0.361484
1048,1343777,1299215,0,0.0438014
1049,3343104,3268064,0,0.244874
1050,977507,943048,0,0.043826
1051,3597676,3440024,0,0.0192803
1052,289719,286253,0,0.0423752
1053,34216,33814,0,0.0897168
1054,8679,8364,0,0.039154
1055,66219,65484,0,0.0104797
1056,2253121,2164895,0,0.307507
1057,2485559,2431165,0,0.126348
1058,70766,69935,0,0.0322834
1059,1368373,1337929,0,0.150807
1060,3247489,3198905,0,0.109311
1061,1657666,1626298,0,0.17214
1062,272692,266609,0,0.0390011
1063,14576,14305,0,0.0108981
1064,7443,7280,0,0.00330317
1065,67499,65361,0,0.0361441
1066,14786173,14262733,0,0.862387
1067,498023,491918,0,0.0362338
1068,2813992,2679278,0,0.29986
1069,2252016,2169732,0,0.123059
1070,1308,1308,0,0.00161725
1071,3498827,3354480,0,0.00605386
1072,2121212,2032554,0,0.154394
1073,829814,814337,0,0.0820457
1074,1865349,1838200,0,0.0266602
1075,6943,6691,0,0.023733
1076,0,0,0,0
1077,1076035,1052627,0,0.0571552
1078,82168,80314,0,0.377133
1079,105891,104761,0,0.119028
1080,1290158,1215960,0,0.0590249
1081,359541,354544,0,0.163698
1082,1930,1836,0,0.00576201
1083,142884,138725,0,0.190944
1084,160428,158911,0,0.187497
1085,1307,1292,0,0.0855368
1086,1437501,1421990,0,0.0752383
1087,123538,121172,0,0.193823
1088,439956,429870,0,0.141119
1089,112397,111424,0,0.0818192
1090,124000,123147,0,0.151704
1091,687655,675959,0,0.30038
1092,2222138,2167543,0,0.285452
1093,4649,4623,0,0.0277053
1094,4787254,4694762,0,0.347494
1095,255034,251158,0,0.0566487
1096,492532,484127,0,0.0264037
1097,49902,49681,0,0.0217464
1098,10824807,10512120,0,0.262557
1099,10358,10294,0,0.0113279
1100,4294716,4158858,0,0.293632
1101,223350,218348,0,0.0577563
1102,760222,730892,0,0.00102623
1103,377083,367653,0,0.0480362
1104,1281749,1225470,0,0.117656
1105,56058,53893,0,0.000978751
1106,1862181,1760647,0,0.419375
1107,663303,636931,0,0.235808
1108,8401,8363,0,0.0228565
1109,135714,133602,0,0.0893445
1110,680983,667234,0,0.225684
1111,0,0,0,0
1112,8166929,7656476,0,0.337138
1113,4096358,4021320,0,0.279638
1114,2283686,2244293,0,0.162964
1115,2058,2004,0,0.000646336
1116,3197042,3040654,0,0.175966
1117,3358,3206,0,0.00459914
1118,633254,622516,0,0.0447347
1119,0,0,0,0
1120,1598061,1561466,0,0.191569
1121,1289329,1204236,0,0.356418
1122,2053697,1991140,0,0.091503
1123,54134,52181,0,-0.000788595
1124,2173,2169,0,0.0108068
1125,243519,233366,0,0.0377798
1126,286830,278335,0,0.0899612
1127,811447,792793,0,0.192791
1128,1323673,1274842,0,0.31962
1129,2671786,2572253,0,0.373945
1130,6939142,6658940,0,0.331469
1131,2269605,2195269,0,0.0639744
1132,83895,82695,0,0.146722
1133,4988415,4761488,0,0.324199
1134,10338211,9932636,0,0.303666
1135,186977,184992,0,0.0745031
1136,91024,89373,0,0.0329556
1137,716175,707248,0,0.112268
1138,1743694,1651797,0,1.4723
1139,205409,202715,0,0.114613
1140,112762,107877,0,0.376906
1141,87774,84036,0,1.51217
1142,1207723,1183131,0,0.0320654
1143,5112765,5023242,0,0.0741952
1144,2554022,2485018,0,0.303691
1145,226495,224455,0,0.0997297
1146,237085,233750,0,4.56851
1147,945771,927213,0,0.427355
1148,1555738,1481562,0,0.266077
1149,2433,2431,0,0.000796911
1150,3801152,3669019,0,0.282806
1151,124301,121939,0,0.0100663
1152,111481,105305,0,-1.74916
1153,111337,106927,0,0.0408718
1154,2247163,2191827,0,0.0368179
1155,2962488,2882032,0,0.0402436
1156,448,445,0,0.115277
1157,169096,164830,0,0.334407
1158,663955,652858,0,0.342776
1159,227789,221466,0,0.0322549
1160,1755599,1690075,0,0.290783
1161,13093,12983,0,0.00548213
1162,3179909,3116076,0,0.0262914
1163,9097035,8671193,0,2.67718
1164,56927,56345,0,0.0112721
1165,124342,122033,0,0.0239788
1166,107664,104567,0,0.034317
1167,29231,28412,0,0.0510564
1168,2038022,1941656,0,0.419374
1169,168993,163871,0,0.179622
1170,2318697,2214523,0,0.506037
1171,1229688,1155651,0,0.794134
1172,2633,2616,0,0.0596267
1173,21979237,21501394,0,0.293235
1174,19918,19137,0,0.038161
1175,2781502,2667681,0,0.392337
1176,584799,558936,0,0.0678144
1177,693486,686055,0,0.0890223
1178,777678,761470,0,0.251581
1179,202041,200355,0,0.106272
1180,20993397,19821258,0,0.108798
1181,788448,752962,0,0.0698897
1182,737206,695856,0,0.137902
1183,2329076,2192062,0,0.238399
1184,142684,139863,0,-0.0949269
1185,56075,55237,0,0.0143204
1186,350437,341051,0,0.133904
1187,2032086,1997983,0,0.465089
1188,735,734,0,-2.54721
1189,314499,309883,0,0.0313656
1190,7311,7266,0,0.0163367
1191,73952,73320,0,0.0394686
1192,886146,854643,0,0.596468
1193,71484,70568,0,0.0137502
1194,1021106,978044,0,0.16127
1195,5178,4957,0,1.79784
1196,56886,54661,0,0.211741
1197,2168063,2078912,0,0.192218
1198,576766,554492,0,0.0879366
1199,0,0,0,0
1200,55980,55479,0,0.0809178
1201,103890,103019,0,0.00734012
1202,1680838,1623573,0,0.329354
1203,76658,75782,0,0.0158069
1204,7329062,7023308,0,3.98632
1205,4259,4246,0,0.0186969
1206,48538235,46478096,0,0.0696184
1207,853439,845093,0,0.180104
1208,23914038,22831422,0,0.412368
1209,18478,18287,0,13.3561
1210,9162,9123,0,0.00941675
1211,22,20,0,3.36863e-05
1212,427978,413867,0,0.115342
1213,653720,634563,0,0.227093
1214,113280,107500,0,0.202988
1215,2399554,2343950,0,0.0803763
1216,8247,8174,0,0.0182978
1217,314635,301605,0,0.210007
1218,99944,96015,0,0.121821
1219,404155,395470,0,0.0275694
1220,16612,16492,0,0.0297293
1221,5456605,5165918,0,0.174282
1222,1667616,1635541,0,0.237651
1223,1607063,1535603,0,0.303714
1224,433666,422158,0,0.00347198
1225,270574,267714,0,0.0627419
1226,121833,121175,0,0.0107609
1227,145066,137620,0,0.246109
1228,272904,265876,0,0.219348
1229,168485,164936,0,0.0654509
1230,1433885,1357904,0,0.112054
1231,1410428,1323577,0,0.054612
1232,80710,80188,0,0.0515606
1233,261481,256601,0,0.178013
1234,1225244,1165137,0,0.231095
1235,353231,343876,0,0.00668335
1236,66872,66229,0,0.0235176
1237,4716860,4639271,0,0.193111
1238,2354253,2216229,0,0.304353
1239,69671,68277,0,0.0880787
1240,2745337,2669603,0,0.0487726
1241,4618944,4482442,0,0.202313
1242,2270387,2225702,0,0.0329231
1243,750318,728225,0,-0.00840695
1244,1589187,1559468,0,0.216541
1245,128786,127337,0,0.0416518
1246,1744582,1671125,0,0.0402353
1247,2944769,2805579,0,0.241263
1248,3290509,3132735,0,0.144023
1249,2093156,1993596,0,0.270634
1250,20166542,19657913,0,0.0432607
1251,1921783,1824823,0,0.0936499
1252,2568935,2536062,0,0.1948
1253,0,0,0,0
1254,5362293,5194518,0,0.0413789
1255,2581690,2497155,0,0.0400472
1256,331048,327091,0,0.00999867
1257,1346070,1321420,0,0.0243707
1258,4703642,4497421,0,0.074694
1259,1433104,1373178,0,0.0426246
1260,61541,61167,0,0.0267396
1261,1982478,1914824,0,0.0514952
1262,866110,832539,0,0.216217
1263,14250210,13998717,0,0.140899
1264,4669958,4595243,0,0.153895
1265,169753,165723,0,0.120389
1266,257124,250389,0,0.173427
1267,430431,419909,0,0.528212
1268,600504,584160,0,0.418006
1269,2312913,2214822,0,0.0839934
1270,123584,121659,0,0.0990959
1271,3484808,3299629,0,0.275265
1272,774913,762188,0,0.070034
1273,167453,164914,0,0.0334118
1274,95994,94865,0,0.113097
1275,126641,122354,0,0.154471
1276,359726,350995,0,0.0529107
1277,2513494,2369255,0,0.0397053
1278,120820,119829,0,0.106844
1279,0,0,0,0
1280,1419896,1361293,0,0.287349
1281,150435,148552,0,0.0656682
1282,351088,338188,0,0.362889
1283,1001640,984503,0,0.103315
1284,5698829,5599895,0,0.0796784
1285,53776,53430,0,0.0557697
1286,16074,15965,0,0.00797904
1287,1745972,1690426,0,0.0234799
1288,1516178,1488335,0,0.221227
1289,8562979,8067528,0,0.270488
1290,7173119,6897796,0,0.298079
1291,12065217,11522538,0,0.434173
1292,49314,48255,0,0.15433
1293,63889,63053,0,0.0295165
1294,290026,287017,0,0.084891
1295,34099,33875,0,0.00801286
1296,945679,917015,0,0.234072
1297,3910296,3762471,0,0.0762707
1298,44132,41992,0,0.005751
1299,15415,14904,0,1.32577
1300,56957552,54625423,0,0.0910542
1301,1246611,1223251,0,0.127116
1302,2625603,2580972,0,0.190966
1303,17574,17402,0,0.048865
1304,14,13,0,7.23557
1305,150944,148528,0,0.106127
1306,72741,70817,0,0.00310796
1307,491998,486336,0,0.0356777
1308,17865,17463,0,0.000878408
1309,160155,154111,0,0.0158288
1310,27231,26961,0,0.0623627
1311,5100,5039,0,0.0225028
1312,106729,102876,0,0.206657
1313,0,0,0,0
1314,37067,36221,0,0.0127251
1315,1126373,1097789,0,0.311046
1316,6504249,6298841,0,0.237326
1317,95329,94732,0,0.0403069
1318,72034,70123,0,-4.1924
1319,188821,185451,0,0.03667
1320,28857,28311,0,0.0399841
1321,18575,18388,0,0.0247009
1322,4271155,4026122,0,0.411614
1323,1053735,1019787,0,0.039743
1324,30960,30688,0,0.039551
1325,550015,544194,0,0.19194
1326,511243,503279,0,0.423709
1327,205850,200655,0,0.113352
1328,924,906,0,3.99086e-05
1329,30878,30321,0,0.018415
1330,5605850,5298810,0,0.0964837
1331,1373819,1310928,0,0.0527852
1332,2167041,2087250,0,0.44645
1333,83444,80673,0,0.315998
1334,19800369,18925423,0,0.241879
1335,993,991,0,0.00445924
1336,97141,93299,0,0.0532045
1337,281375,277711,0,0.0356863
1338,12856,12532,0,0.0170032
1339,1509516,1479023,0,0.276003
1340,1006958,965530,0,0.19752
1341,2477437,2355668,0,0.62173
1342,345618,341477,0,0.058829
1343,4741814,4535694,0,0.0737495
1344,2011307,1988045,0,0.124423
1345,8309937,7946800,0,0.0268495
1346,147338,140541,0,0.0865315
1347,3384,3357,0,0.00895779
1348,120171,116902,0,0.0315507
1349,2114904,2075454,0,0.0932523
1350,1274024,1207781,0,0.329443
1351,2954366,2853993,0,0.749194
1352,33438632,31668675,0,0.235059
1353,1442023,1413365,0,0.309047
1354,226417,221926,0,0.181315
1355,138576,133232,0,0.0600815
1356,9298,9013,0,0.022298
1357,854327,840914,0,0.025207
1358,336148,332438,0,0.125752
1359,810793,778314,0,0.00743072
1360,10038407,9826289,0,0.139317
1361,123235,121069,0,0.191447
1362,3025147,2910064,0,0.153414
1363,46612,46091,0,0.0444562
1364,30512,30129,0,0.078899
1365,11109,10952,0,0.069256
1366,3966598,3791111,0,0.376873
1367,44377,43660,0,0.0180877
1368,1800664,1703029,0,0.118139
1369,1634595,1580376,0,0.091909
1370,4346944,4247501,0,0.224863
1371,1043296,1016612,0,0.196397
1372,3442,3435,0,0.0139763
1373,7059489,6938489,0,0.223976
1374,2571363,2512091,0,0.313901
1375,15955,15789,0,0.15359
1376,856355,819784,0,0.0123502
1377,1637729,1589031,0,0.22134
1378,1312787,1278753,0,0.164163
1379,597841,575561,0,0.128214
1380,0,0,0,0
1381,2036734,1918911,0,0.163053
1382,771435,753774,0,0.247388
1383,16023,15654,0,0.00676564
1384,4421,4393,0,0.119538
1385,1135599,1098976,0,0.0404166
1386,1649777,1616090,0,0.148956
1387,663888,652272,0,-0.146246
1388,1039750,996162,0,0.0747733
1389,6053895,5952301,0,0.158966
1390,64012,62892,0,0.230904
1391,261058,254844,0,0.123421
1392,1052211,1030281,0,0.215095
1393,2862657,2765573,0,0.835481
1394,2233691,2171321,0,0.308316
1395,1693811,1592704,0,0.242348
1396,7982,7702,0,0.0109473
1397,2193263,2100281,0,0.455247
1398,84008,82358,0,0.0812749
1399,2905322,2815545,0,-0.134348
1400,77593,76612,0,0.0484819
1401,20678673,20133802,0,0.0407709
1402,365834,360198,0,0.128354
1403,73619,72413,0,0.0134794
1404,430669,425434,0,0.017101
1405,80,80,0,7.39828e-06
1406,1517746,1447302,0,0.194713
1407,1076822,1026348,0,0.143984
1408,13231,13151,0,0.0625045
1409,12951,12790,0,0.0240366
1410,6473485,6157784,0,0.0785664
1411,3233002,3170662,0,0.230423
1412,1313257,1283767,0,0.342376
1413,651149,625390,0,0.119658
1414,7578957,7237664,0,0.0133316
1415,133366,131926,0,0.0235652
1416,619094,612716,0,0.06816
1417,1422334,1351184,0,0.0134906
1418,3016371,2932970,0,0.147269
1419,532412,516686,0,0.0369296
1420,48794709,46652525,0,0.0623448
1421,3617501,3501412,0,0.235893
1422,179108,175866,0,0.0625265
1423,6125813,5958207,0,0.0694615
1424,1551127,1530214,0,0.134283
1425,4581332,4438994,0,0.113396
1426,187663,183001,0,0.0839491
1427,126751,126106,0,0.0516318
1428,2635392,2562248,0,0.10785
1429,2547964,2403443,0,0.510272
1430,675706,660624,0,0.0898835
1431,9046,8704,0,0.177264
1432,1162079,1110504,0,0.146793
1433,1204399,1177630,0,0.386749
1434,29368,28891,0,0.0291313
1435,286128,278283,0,0.0838426
1436,977896,961939,0,0.017522
1437,660336,644792,0,0.372164
1438,18289,17922,0,0.00226705
1439,2757096,2662750,0,0.375602
1440,4489390,4217351,0,0.0500772
1441,152392,147902,0,0.028104
1442,6796,6666,0,0.0221931
1443,1857718,1827706,0,0.113037
1444,51966,51357,0,-0.0778492
1445,792908,779894,0,0.299463
1446,11537904,11047125,0,0.0128629
1447,1641166,1619214,0,0.166735
1448,78013,75457,0,0.0729366
1449,128709,126250,0,0.010024
1450,22762,22024,0,0.172936
1451,578821,569331,0,0.0632905
1452,3083,3013,0,-0.0776159
1453,50267025,48852559,0,0.0774644
1454,3854944,3739005,0,0.00996053
1455,2117870,1993700,0,0.17661
1456,1489327,1406868,0,0.0633893
1457,236273,232238,0,0.0453112
1458,1682478,1616228,0,0.313069
1459,217194,215172,0,0.129916
1460,43134,41795,0,0.0374303
1461,277492,272302,0,0.061735
1462,112124,110333,0,0.0944841
1463,2315862,2204489,0,0.761893
1464,1295494,1245930,0,0.0362238
1465,225856,222133,0,0.170425
1466,348061,331194,0,0.708877
1467,24105,23989,0,0.0410256
1468,37109,36921,0,0.112452
1469,101753,99431,0,0.319746
1470,484316,468522,0,0.0943268
1471,3304048,3228345,0,0.0998077
1472,275712,270448,0,0.608805
1473,3168180,2984143,0,0.181903
1474,1298361,1267781,0,0.244416
1475,1580708,1522351,0,0.0560046
1476,814948,797826,0,0.132735
1477,5013,4986,0,0.0280611
1478,31522,31276,0,0.0101751
1479,9618939,9228628,0,0.0119332
1480,8655,8598,0,0.0510854
1481,4629938,4479246,0,0.241961
1482,7780970,7390370,0,0.188721
1483,272075,269238,0,0.0864138
1484,496502,489519,0,0.250076
1485,9177,9149,0,0.0239611
1486,708117,699108,0,0.2084
1487,0,0,0,0
1488,82077,79679,0,0.190551
1489,3085387,2963611,0,0.107027
1490,2183130,2095872,0,0.126928
1491,1939749,1871248,0,0.784679
1492,4441229,4252266,0,0.293554
1493,18950352,17908619,0,0.221471
1494,4109048,3917059,0,0.454616
1495,1534189,1499667,0,0.310874
1496,4737844,4626573,0,0.326164
1497,10839534,10464650,0,0.131344
1498,1107737,1075003,0,0.562929
1499,1303,1303,0,0.00427731
1500,1816787,1779340,0,0.0820824
1501,1152061,1121760,0,0.0252511
1502,1736,1725,0,0.00679778
1503,830551,803766,0,0.121367
1504,1841125,1812058,0,0.189464
1505,687621,664482,0,0.0289163
1506,8067461,7727903,0,0.376778
1507,68368,67260,0,0.0453181
1508,352968,343372,0,0.355907
1509,1577983,1510723,0,0.0788033
1510,63808,63182,0,0.06739
1511,5111545,4880900,0,0.473376
1512,242571,231871,0,0.15216
1513,39200,38414,0,0.208998
1514,139558,137088,0,0.168084
1515,1285051,1248458,0,0.0792803
1516,834280,809851,0,0.0158209
1517,831316,816401,0,0.352224
1518,37011,36064,0,0.00786633
1519,82379,79682,0,0.379053
1520,1201,1200,0,0.00141253
1521,13388,13081,0,0.0122513
1522,291937,288512,0,0.186923
1523,91108,90346,0,0.132977
1524,1613101,1572975,0,0.102136
1525,3415301,3365815,0,0.275058
1526,1914347,1814757,0,0.231587
1527,2438304,2299450,0,0.191623
1528,2915346,2770029,0,0.141963
1529,2285615,2199880,0,0.522835
1530,16859,16228,0,0.00790809
1531,786245,759707,0,0.200984
1532,55468,54669,0,0.00454138
1533,35074,34392,0,0.136813
1534,207551,204446,0,0.026397
1535,29460,28990,0,0.202792
1536,469012,449920,0,0.0488367
1537,1681560,1634585,0,0.0335728
1538,19047,18624,0,-0.888644
1539,292924,289122,0,0.127066
1540,3859464,3778503,0,0.0707651
1541,244675,240457,0,0.0159046
1542,44961,42732,0,0.237039
1543,1439472,1391640,0,0.105675
1544,13005123,12459195,0,0.156988
1545,1508925,1446658,0,0.0999672
1546,425825,418143,0,0.262436
1547,333801,328756,0,0.0800657
1548,413232,405893,0,0.106511
1549,510326,494395,0,0.0320634
1550,100039,98974,0,0.072865
1551,48316,47390,0,0.23833
1552,2290821,2247591,0,0.0471174
1553,42343582,40011763,0,0.10638
1554,218375,208186,0,0.00145781
1555,87801,84623,0,0.0399688
1556,497911,492012,0,0.104464
1557,86807,86296,0,0.063997
1558,3089997,3037452,0,0.0332828
1559,2121846,2070049,0,0.262041
1560,889,888,0,0.00464707
1561,9574502,9162489,0,0.252893
1562,5187935,5024075,0,0.12925
1563,29796,29507,0,0.0135494
1564,109121,107441,0,0.134137
1565,120043,115284,0,0.0794599
1566,763,763,0,0.0012242
1567,4810220,4569317,0,0.35256
1568,2384253,2363906,0,0.111925
1569,3380,3374,0,0.0150661
1570,502880,489615,0,0.286208
1571,3351256,3272864,0,0.540032
1572,15895,15789,0,0.0102475
1573,1229979,1198778,0,0.0301668
1574,823,807,0,-0.00126479
1575,753174,723324,0,0.0600263
1576,5340055,5036948,0,0.21635
1577,743443,723870,0,0.0963881
1578,678238,665356,0,0.1868
1579,153954,148104,0,0.240107
1580,9207524,8974651,0,0.293008
1581,114924,114159,0,0.0653187
1582,3396778,3261178,0,0.0606271
1583,4756574,4621763,0,0.156682
1584,3426,3379,0,0.00845926
1585,252291,248130,0,0.193489
1586,87212,86490,0,0.0993794
1587,1923730,1820518,0,0.104571
1588,437093,428035,0,0.0473
1589,113790,112064,0,0.0362407
1590,1365973,1319348,0,0.16598
1591,3958579,3882235,0,0.12629
1592,0,0,0,0
1593,328811,320489,0,0.157913
1594,1266098,1217513,0,0.113912
1595,31350,31013,0,0.0505353
1596,1150634,1101922,0,0.0174988
1597,2787804,2661173,0,0.0543476
1598,885609,872636,0,0.34111
1599,423208,414746,0,0.185717
1600,451780,441367,0,-0.222173
1601,16465,15947,0,0.123448
1602,65717,64638,0,0.138131
1603,107731,105975,0,0.0727776
1604,3758015,3678312,0,0.252349
1605,242159,238622,0,0.171508
1606,143042,140007,0,0.133662
1607,5953891,5854184,0,0.201642
1608,25152,24889,0,0.038812
1609,20205,19194,0,0.141573
1610,7727,7676,0,0.0419081
1611,1188251,1152073,0,0.0409911
1612,361479,355974,0,0.124968
1613,3550,3501,0,0.0120762
1614,1080135,1026653,0,0.280034
1615,11955992,11645458,0,0.485872
1616,105990,101992,0,1.30864
1617,761333,731674,0,1.07412
1618,3284,3273,0,0.0025079
1619,1416524,1364346,0,0.3533
1620,3998911,3794283,0,0.147708
1621,26906,26758,0,0.00747972
1622,42877,41682,0,0.000355649
1623,2873866,2753591,0,0.481151
1624,38910,38685,0,0.0155687
1625,1709633,1624519,0,0.0114198
1626,1060784,1044213,0,0.2267
1627,1231656,1199061,0,0.322912
1628,278978,275776,0,0.093895
1629,1139859,1099142,0,0.0792231
1630,327895,324067,0,0.0590899
1631,2320735,2167215,0,0.205938
1632,226888,219599,0,0.225908
1633,76438,74696,0,0.0452043
1634,3011048,2915269,0,0.18789
1635,1806807,1756977,0,0.0314733
1636,142642,139779,0,0.0214085
1637,878465,844080,0,0.610552
1638,1321743,1276531,0,0.0423802
1639,1689263,1587037,0,0.0440806
1640,3100940,3034243,0,0.0442643
1641,81961,77339,0,2.01854
1642,0,0,0,0
1643,5324,5278,0,0.00928353
1644,49075,48071,0,0.160534
1645,2405475,2342090,0,0.193485
1646,3678861,3631304,0,0.167814
1647,94179,92326,0,0.025853
1648,118111,116313,0,0.0101813
1649,70865,69203,0,0.361939
1650,7989871,7573270,0,0.657927
1651,23987,23233,0,0.00621362
1652,1451581,1388635,0,2.6867
1653,1095241,1068985,0,0.0866227
1654,10854182,10329433,0,0.185448
1655,7929657,7691001,0,0.0512
1656,268559,265832,0,0.135414
1657,180703,174448,0,0.0446464
1658,985681,960663,0,0.175486
1659,63166,62673,0,0.0203994
1660,134427,129883,0,3.37282
1661,21106,20696,0,0.331428
1662,5121,5112,0,0.0222294
1663,1082689,1039805,0,0.156062
1664,795166,762060,0,0.0973065
1665,799245,787570,0,0.191298
1666,657095,631573,0,0.140865
1667,190186,185323,0,0.323112
1668,28835470,27142996,0,0.173888
1669,190045,186414,0,0.164313
1670,27288,27166,0,0.0221071
1671,1001,998,0,-0.00164805
1672,523140,511509,0,0.183188
1673,2867,2863,0,0.00521574
1674,1772469,1740935,0,0.162632
1675,7448782,7065065,0,0.0381165
1676,11794122,11513284,0,0.0714128
1677,1081952,1055711,0,0.232664
1678,273321,265241,0,0.0926215
1679,2619714,2512674,0,0.0832235
1680,1076217,1046616,0,0.0515956
1681,2269786,2185945,0,0.976602
1682,600145,577943,0,0.150313
1683,2241875,2169494,0,0.290434
1684,19066944,18675230,0,0.0376513
1685,665589,648402,0,0.0513947
1686,1400949,1360402,0,0.00967651
1687,1307443,1270790,0,0.184053
1688,1429402,1362217,0,0.29082
1689,5599378,5428050,0,0.028864
1690,102859,99345,0,0.0323513
1691,769880,751055,0,0.133256
1692,26242,26022,0,0.0158845
1693,1399364,1330246,0,0.11702
1694,1870174,1839104,0,0.107033
1695,56080,54922,0,-1.01724
1696,23280,22967,0,0.0668851
1697,1458,1443,0,0.000592544
1698,326544,321491,0,2.80538
1699,789513,776360,0,0.345669
1700,197686,193137,0,0.0971573
1701,49989,49399,0,0.0147676
1702,102703,98140,0,0.124646
1703,3561,3532,0,0.00942743
1704,430,430,0,-0.00161169
1705,452,452,0,-0.000387478
1706,1212054,1164591,0,0.288756
1707,1196,1190,0,-0.000611392
1708,1161340,1137416,0,0.248919
1709,30966,30722,0,0.0549598
1710,361571,356119,0,0.00999348
1711,316246,311137,0,0.0264279
1712,945431,896502,0,0.545903
1713,668162,630963,0,0.223712
1714,2667,2660,0,0.00886483
1715,0,0,0,0
1716,119095,115069,0,0.0646939
1717,66462,65526,0,0.00959469
1718,112395,111620,0,0.0781184
1719,53711,53129,0,0.110678
1720,1588415,1544626,0,0.0908916
1721,177288,174688,0,0.0102712
1722,3545,3530,0,0.0368046
1723,76487,74051,0,0.168657
1724,609688,597573,0,0.204508
1725,4622103,4552208,0,0.168503
1726,8699819,8439980,0,0.173741
1727,151339,149583,0,0.136636
1728,1140624,1087933,0,0.259468
1729,7727,7642,0,0.0430936
1730,1804303,1755544,0,0.394792
1731,40774,39945,0,0.0348315
1732,57653,57158,0,0.0688239
1733,4737791,4537787,0,0.461535
1734,2699796,2588683,0,0.181525
1735,6420089,6327093,0,0.099342
1736,223051,217842,0,0.540159
1737,1168182,1131914,0,0.107287
1738,911899,875519,0,0.209462
1739,25279246,24107130,0,0.609685
1740,13613003,13289585,0,0.0286978
1741,7375,7243,0,0.0441684
1742,6494933,6383738,0,0.274324
1743,390738,386116,0,0.0235264
1744,298336,293479,0,0.171257
1745,171624,165644,0,0.0458237
1746,51872,51363,0,0.0175346
1747,190366,187810,0,0.267478
1748,416079,397117,0,0.00680798
1749,327205,321712,0,0.0982737
1750,74964,72114,0,0.0134989
1751,295296,289912,0,0.212208
1752,651749,644243,0,0.0133296
1753,1919616,1836343,0,0.0332953
1754,927214,881227,0,0.227971
1755,44874,43507,0,0.402667
1756,468084,456325,0,0.149999
1757,51004,50660,0,0.0560545
1758,1707297,1660011,0,0.250354
1759,553101,540775,0,0.134187
1760,3227493,3125094,0,0.149814
1761,5870362,5624095,0,0.0770767
1762,350561,344877,0,0.0305134
1763,16040224,15662395,0,0.0159346
1764,1553813,1517605,0,0.0701988
1765,653860,636973,0,0.223501
1766,1480089,1415134,0,0.0828569
1767,1116842,1090312,0,0.0230876
1768,390810,384711,0,0.0325428
1769,586145,579182,0,0.0605391
1770,301423,289309,0,0.326879
1771,821050,808358,0,0.298593
1772,1023916,1004144,0,0.331031
1773,5990228,5752533,0,0.0026544
1774,2247541,2183166,0,0.14122
1775,2404732,2337005,0,0.184414
1776,556741,545025,0,0.299878
1777,24250,23860,0,0.193718
1778,429441,412017,0,0.306771
1779,1813,1809,0,0.00281893
1780,259881,257696,0,0.0454425
1781,1598349,1517321,0,0.0517469
1782,1890094,1814377,0,0.0115553
1783,1653361,1606966,0,0.109637
1784,0,0,0,0
1785,1053767,1036076,0,0.379086
1786,3640737,3558226,0,1.8885
1787,4183098,4099986,0,0.0477434
1788,17127344,16755129,0,0.293907
1789,86772,85955,0,0.00975852
1790,12628,12516,0,0.00395214
1791,83697330,79247090,0,0.0605591
1792,5178188,4985086,0,0.00895558
1793,985070,965320,0,0.13065
1794,1283434,1256235,0,0.105041
1795,95413,91637,0,0.0643818
1796,173228,169351,0,0.0568831
1797,92834,91744,0,0.16478
1798,2720789,2588503,0,0.040895
1799,147512,143359,0,0.236568
1800,3954019,3757844,0,0.361192
1801,1465637,1422728,0,0.101172
1802,42459169,40174419,0,0.15315
1803,636601,626922,0,0.231972
1804,318244,313728,0,0.142742
1805,239053,234220,0,0.0293305
1806,1532,1514,0,0.210018
1807,248558,241841,0,0.111548
1808,1254621,1238548,0,0.133602
1809,762649,748795,0,0.0855803
1810,31690,31519,0,0.013101
1811,94440,92820,0,0.117903
1812,21182407,20215908,0,0.00641835
1813,337225,330576,0,0.18823
1814,10056603,9712993,0,0.278405
1815,23172,22242,0,0.11411
1816,5249237,5155500,0,0.453891
1817,5877295,5697953,0,0.190014
1818,875409,864987,0,0.0766179
1819,1612067,1541971,0,0.0528268
1820,55485,55176,0,0.0105552
1821,504863,497907,0,0.073917
1822,99209,97942,0,0.064424
1823,84728,81283,0,0.153191
1824,875066,838570,0,0.360777
1825,497908,485936,0,0.0845565
1826,609718,602428,0,-0.632053
1827,1238740,1179998,0,0.0841452
1828,295635,281374,0,0.212558
1829,1608820,1534326,0,0.0297711
1830,31296,30977,0,0.0867506
1831,2404173,2373693,0,0.0789217
1832,1280599,1257489,0,0.193385
1833,1085488,1043065,0,0.444512
1834,23458,22848,0,0.0148241
1835,499344,487245,0,0.0286325
1836,824428,805913,0,0.152811
1837,516,516,0,0.000336813
1838,2118017,2092380,0,0.0148948
1839,27306,26678,0,0.0353803
1840,613456,605892,0,0.249865
1841,67474,65059,0,0.0875875
1842,121157,118496,0,0.0152517
1843,339555,333852,0,0.117691
1844,5744,5705,0,0.0131241
1845,250147,245386,0,0.137065
1846,553268,537793,0,0.102198
1847,75262,72553,0,0.0272665
1848,104736,103171,0,0.0544178
1849,7577,7532,0,0.0128066
1850,47742,46763,0,0.166873
1851,72601,71775,0,0.0257714
1852,978697,946609,0,0.00772754
1853,240753,231205,0,0.630315
1854,1477598,1431994,0,0.135881
1855,889758,849547,0,0.028116
1856,388730,381861,0,0.0323794
1857,478585,469457,0,0.115466
1858,33302,32128,0,0.0130554
1859,49002,47867,0,0.274436
1860,3569,3559,0,0.00897219
1861,262975,260178,0,0.0787053
1862,1850022,1766815,0,0.0405312
1863,966748,953355,0,0.0905629
1864,575905,561390,0,9.45648
1865,156345,147803,0,0.869248
1866,3056629,2977398,0,0.165364
1867,61285,60165,0,0.252832
1868,1048107,1013974,0,0.0220914
1869,278182,272736,0,0.0456225
1870,2540853,2500035,0,0.409058
1871,10392440,10086255,0,0.0279457
1872,629632,621513,0,0.393088
1873,137197,131789,0,-0.231891
1874,5196,4954,0,0.00426041
1875,448712,441887,0,0.117531
1876,39897,39598,0,0.224493
1877,6173102,6049751,0,0.168753
1878,826723,786967,0,0.115493
1879,666414,655994,0,0.129083
1880,1190,1180,0,0.00136848
1881,772198,759091,0,0.152653
1882,717796,704954,0,0.237344
1883,1080749,1046926,0,0.100703
1884,92071,90158,0,0.120727
1885,3694,3628,0,0.00207211
1886,6160187,5995808,0,2.66205
1887,8460600,8040250,0,0.174513
1888,18798900,18097401,0,0.270432
1889,6374128,6233610,0,0.333152
1890,58257,57799,0,0.0665757
1891,723295,693399,0,0.0481275
1892,105541,103980,0,0.144336
1893,24454535,23086570,0,0.260729
1894,2131062,2073559,0,0.634126
1895,2864004,2802584,0,0.146677
1896,1271920,1235803,0,0.118693
1897,574662,546704,0,0.0356885
1898,71346,70330,0,0.00745479
1899,1422884,1364508,0,0.281021
1900,265101,252477,0,-0.578601
1901,38094454,36110195,0,0.0224811
1902,1276991,1243366,0,0.0410201
1903,868647,849799,0,0.0445189
1904,3551844,3408504,0,0.0822709
1905,405254,392345,0,0.447463
1906,33068729,31497822,0,0.299763
1907,2574480,2527220,0,0.104825
1908,1313723,1279956,0,0.216067
1909,225561,217009,0,0.0202576
1910,420925,412307,0,0.115771
1911,11987,11650,0,0.0304813
1912,127958,126259,0,0.0185979
1913,4260,4224,0,0.0218458
1914,2289312,2155823,0,6.88854
1915,2655,2645,0,0.0173934
1916,287111,281078,0,0.128508
1917,365192,359578,0,0.128352
1918,31012498,29823010,0,0.0169244
1919,4181435,4075402,0,0.149745
1920,3260945,3135780,0,0.0465966
1921,2187960,2074150,0,4.90889e-06
1922,2305966,2274536,0,0.125932
1923,542591,524696,0,0.371655
1924,4090958,3914675,0,0.0911241
1925,57606554,54593034,0,0.138579
1926,389722,381207,0,0.242467
1927,564981,555055,0,0.0709983
1928,842600,813218,0,0.0366251
1929,1028768,989004,0,0.470494
1930,72285,71215,0,0.104822
1931,572378,555414,0,0.705289
1932,679451,658757,0,0.295179
1933,1866644,1816807,0,0.0648092
1934,631903,617878,0,0.159166
1935,3765763,3666214,0,0.214628
1936,22780325,22068707,0,0.369243
1937,2133881,2051528,0,0.148213
1938,3159970,3063550,0,0.0916897
1939,1426291,1383972,0,0.03715
1940,715304,693492,0,0.278294
1941,15742,15655,0,0.0146282
1942,661825,648829,0,0.183911
1943,1171978,1149318,0,0.204929
1944,1305,1305,0,0.000872438
1945,325454,317735,0,9.89706
1946,384975,375987,0,0.0902062
1947,3548774,3470610,0,0.121822
1948,6455,6287,0,0.00186731
1949,466591,455025,0,0.109399
1950,12122,12046,0,0.0842325
1951,240106,232381,0,0.0131825
1952,1845027,1773246,0,2.41103
1953,5662260,5381623,0,0.0581053
1954,193241,191490,0,0.0728777
1955,948827,928262,0,0.178599
1956,264163,261181,0,0.0729292
1957,1664655,1637770,0,0.0835243
1958,711545,695967,0,0.0184614
1959,1827,1819,0,0.00254266
1960,9552992,9318547,0,0.245662
1961,1601468,1558032,0,0.121897
1962,37415,36062,0,0.00894358
1963,2102882,2004397,0,0.209321
1964,39191,39010,0,0.0592176
1965,11830039,11197292,0,0.0451609
1966,9003,8693,0,0.124772
1967,13390,12948,0,0.0109146
1968,7410022,7231540,0,0.557541
1969,90833,87285,0,0.0029382
1970,457910,443376,0,0.0295668
1971,2461,2412,0,0.0644529
1972,38479,37598,0,0.0669712
1973,302334,289886,0,0.422315
1974,153355,150167,0,-0.859562
1975,4229902,4122890,0,0.420152
1976,1779,1771,0,0.00533017
1977,4239277,4056446,0,0.35782
1978,2592725,2523079,0,0.0627959
1979,5350,5296,0,0.0351783
1980,109314,107860,0,0.0233313
1981,14123741,13599109,0,0.24474
1982,540742,526276,0,0.898184
1983,4074606,3941883,0,0.540794
1984,2257444,2183005,0,0.510282
1985,631840,610874,0,0.165375
1986,3840,3796,0,0.055493
1987,8476280,8214053,0,0.150161
1988,9504,9399,0,0.00780531
1989,25645,25278,0,0.0495706
1990,2116666,2063111,0,0.17529
1991,460817,442603,0,0.0271463
1992,467850,463560,0,0.0592214
1993,910353,896590,0,0.141422
1994,6062,6041,0,0.0295948
1995,8018299,7669822,0,0.0483885
1996,2867,2834,0,0.0032045
1997,347458,341775,0,0.105078
1998,76821,75743,0,0.174543
1999,37444171,35529467,0,0.298379
